job tile,company name,location,job skills,links,salary
Senior Python Developer,Softxpert Incorporation  -,"Bolkly, Alexandria, Egypt ",Full TimeHybridExperienced · 3+ Yrs of Exp · IT/Software Development · Engineering - Telecom/Technology · APIs · Angular · Software Development · Software Engineering · Web Development · MySQL · Python · Django Framework,https://wuzzuf.net/jobs/p/5rnqeesfthrp-senior-python-developer-softxpert-incorporation-alexandria-egypt,Not Available
DAZU - Python Developer (FinTech),Bright Creations -,"Smart Village, Giza, Egypt ",Full TimeHybridExperienced · 2+ Yrs of Exp · IT/Software Development · Engineering - Telecom/Technology · Python · Django · Flask · Python Scripting · Web Scraping · WWeb Scraping · CI · Computer Science,https://wuzzuf.net/jobs/p/xzK5LWDSSj5o-DAZU---Python-Developer-FinTech-Bright-Creations-Giza-Egypt,Not Available
Python Team Lead - AI & Python Engineering,Softec Technologies -,"Cairo, Egypt ",Full TimeHybridExperienced · 6+ Yrs of Exp · IT/Software Development · Quality · Engineering - Telecom/Technology · API · AWS · Communication skills · Computer Science · Development · Docker · Engineering,https://wuzzuf.net/jobs/p/y9FsWhj1fMll-Python-Team-Lead---AI-Python-Engineering-Softec-Technologies-Cairo-Egypt,Not Available
Odoo Developer,Flint International -,"Cairo, Egypt ",Full TimeHybridExperienced · 3 - 6 Yrs of Exp · IT/Software Development · Engineering - Telecom/Technology · Odoo · Information Technology (IT) · Git · Agile · JavaScript · jQuery · Linux · PostgreSQL,https://wuzzuf.net/jobs/p/8yddjpxjfyob-odoo-developer-flint-international-cairo-egypt,Not Available
Mid-Backend Developer,Nexus Analytica -,"Shorouk City, Cairo, Egypt ",Full TimeOn-siteExperienced · 2 - 4 Yrs of Exp · IT/Software Development · back-end · Back-End Developer · Computer Science · Python · Software Engineering · Software Development · developer,https://wuzzuf.net/jobs/p/noaqn3lfma1u-mid-backend-developer-nexus-analytica-cairo-egypt,Not Available
Senior Full Stack Developer,Mojaa -,"New Cairo, Cairo, Egypt ",Full TimeOn-siteExperienced · 5 - 15 Yrs of Exp · IT/Software Development · Full Stack Development · React · Vibe Coding · AI · Azure · Product Development · API · graphQL · Windsurf,https://wuzzuf.net/jobs/p/xdesbrvhwveg-senior-full-stack-developer-mojaa-cairo-egypt,Not Available
Senior Power BI Developer (GeoLocation Specialist),Madar Soft -,"Fleming, Alexandria, Egypt ",Full TimeRemoteExperienced · 3 - 3 Yrs of Exp · IT/Software Development · Engineering - Telecom/Technology · Analysis · BI · Python · SQL Server · SQL · SSIS · Computer Science · Data Modeling,https://wuzzuf.net/jobs/p/oq85bzq9ggmr-senior-power-bi-developer-geolocation-specialist-madar-soft-alexandria-egypt,Not Available
AI Engineer (Custom AI Solutions & GPT Tools) – On-Site,Stellar Charter Nexus -,"New Cairo, Cairo, Egypt ",Full TimeOn-siteExperienced · 2+ Yrs of Exp · IT/Software Development · Analyst/Research · Engineering - Telecom/Technology · AI · APIs · Computer Science · Development · Engineering · Frameworks · Information Technology (IT),https://wuzzuf.net/jobs/p/cfylkx2k6qh2-ai-engineer-custom-ai-solutions-gpt-tools-–-on-site-stellar-charter-nexus-cairo-egypt,Not Available
Linux System Administrator,Softxpert Incorporation  -,"Alexandria, Egypt ",Full TimeOn-siteEntry Level · 1+ Yrs of Exp · Administration · IT/Software Development · Administration · Linux · Engineering · Security · System Administration · AWS · Computer Science · English,https://wuzzuf.net/jobs/p/6a8gqt6zhygb-linux-system-administrator-softxpert-incorporation-alexandria-egypt,Not Available
Power BI Developer,Creo Technologies -,"Cairo, Egypt ",Full TimeOn-siteExperienced · 3 - 5 Yrs of Exp · IT/Software Development · Analyst/Research · Power BI · SQL · BI · Data Warehousing · ETL · Python · SSIS · Azure,https://wuzzuf.net/jobs/p/hdwl7cb1ge76-power-bi-developer-creo-technologies-cairo-egypt,Not Available
Agentic AI Developer,Genesis A -,"Sheraton, Cairo, Egypt ",Full TimeOn-siteExperienced · 3 - 5 Yrs of Exp · IT/Software Development · Strategy/Consulting · Engineering - Telecom/Technology · AI · Computer Science · Development · English · Communication · Python · Agentic,https://wuzzuf.net/jobs/p/g3tvcwn7z8v0-agentic-ai-developer-genesis-a-cairo-egypt,Not Available
Performance Data Manager,MEAHCO - Saudi German Health -,"Katameya, Cairo, Egypt ",Full TimeOn-siteExperienced · 5 - 7 Yrs of Exp · Human Resources · IT/Software Development · Engineering - Telecom/Technology · Information Technology (IT) · Python · Power BI · RPA · Tableau · QlikView · Automation,https://wuzzuf.net/jobs/p/ndvbduwlzjmq-performance-data-manager-meahco---saudi-german-health-cairo-egypt,Not Available
Midlevel Odoo Developer,Algoriza -,"6th of October, Giza, Egypt ",Full TimeRemoteExperienced · 2 - 4 Yrs of Exp · IT/Software Development · Odoo Developer · Python · developer · Computer Science,https://wuzzuf.net/jobs/p/btdomzqjxox0-midlevel-odoo-developer-algoriza-giza-egypt,Not Available
Senior Technical Operations Engineer,Al Ahly Momkn for e-payment -,"Maadi, Cairo, Egypt ",Full TimeHybridExperienced · 2 - 4 Yrs of Exp · IT/Software Development · Engineering - Telecom/Technology · Computer Science · Engineering · Information Technology (IT) · technical · Operations · Technical Operations · Technical Support · engineer,https://wuzzuf.net/jobs/p/hm8ovwbug3te-senior-technical-operations-engineer-al-ahly-momkn-for-e-payment-cairo-egypt,Not Available
Data Analyst,NuCorp -,"Sheraton, Cairo, Egypt ",Full TimeOn-siteExperienced · 3+ Yrs of Exp · IT/Software Development · Analyst/Research · Analysis · Power BI · Data Analysis · Python · Reporting · Statistics · Information Technology (IT) · excel,https://wuzzuf.net/jobs/p/qoc5v48otzkk-data-analyst-nucorp-cairo-egypt,Not Available
Senior Odoo Developer,Elsewedy industries -,"New Cairo, Cairo, Egypt ",Full TimeOn-siteExperienced · 3 - 6 Yrs of Exp · IT/Software Development · Engineering - Telecom/Technology · Python · Odoo · Odoo Development · Programming · Software Development · Software Engineering · SQL · Information Technology (IT),https://wuzzuf.net/jobs/p/cwb385polbxv-senior-odoo-developer-elsewedy-industries-cairo-egypt,Not Available
Embedded Systems Developer,Fruitful Solutions -,"New Cairo, Cairo, Egypt ",Full TimeOn-siteEntry Level · 0 - 7 Yrs of Exp · IT/Software Development · Engineering - Telecom/Technology · C++ · QT · javaScript · C · HTML · SQL · XML · Design,https://wuzzuf.net/jobs/p/gsUc1CmkNImt-Embedded-Systems-Developer-Fruitful-Solutions-Cairo-Egypt,Not Available
Programming Instructor Internship,DIGITAL SCHOOL By Berlitz  -,"New Cairo, Cairo, Egypt ",InternshipOn-siteStudent · 0 - 1 Yrs of Exp · IT/Software Development · Education/Teaching · Computer Engineering · Computer Science · Programming · Teaching · Python · JavaScript · Education,https://wuzzuf.net/internship/0itexnt9gayz-programming-instructor-internship-digital-school-by-berlitz-cairo-egypt,Not Available
Senior Odoo Developer,OdooTec -,"New Cairo, Cairo, Egypt ",Full TimeOn-siteExperienced · 4 - 6 Yrs of Exp · IT/Software Development · Python · Information Technology (IT) · Software Development · HTML · ERP · Odoo · Software Engineering · Programming · Computer Science,https://wuzzuf.net/jobs/p/xg9oyeazmrll-senior-odoo-developer-odootec-cairo-egypt,Not Available
Odoo Developer,E-tech -,"Heliopolis, Cairo, Egypt ",Full TimeHybridExperienced · 3+ Yrs of Exp · IT/Software Development · Engineering - Telecom/Technology · Odoo Modules · Odoo Development · Odoo · PostgreSQL · Programming · Python · Development · Computer Science,https://wuzzuf.net/jobs/p/winpbnnii5yj-odoo-developer-e-tech-cairo-egypt,Not Available
Senior AI Engineer,Lumin -,"Sheikh Zayed, Giza, Egypt ",Full TimeHybridExperienced · 3 - 5 Yrs of Exp · IT/Software Development · AI · Artificial Intelligence · Computer Vision · Machine Learning · TensorFlow · Python · Computer Science · Programming · PyTorch,https://wuzzuf.net/jobs/p/jQuD5uCDAOds-Senior-AI-Engineer-Lumin-Giza-Egypt,Not Available
Freelance Django Developer,AlienCode -,"Sidon, Lebanon ",Freelance / ProjectRemoteExperienced · IT/Software Development · APIs · Cloud · Django · ORM · PostgreSQL · Python · REST · Rest APIs,https://wuzzuf.net/jobs/p/fgcciwsacpqj-freelance-django-developer-aliencode-sidon-lebanon,Not Available
Odoo Developer - Full Time,Aldabboos Group     -,"Sheraton, Cairo, Egypt ",Full TimeHybridExperienced · 3 - 5 Yrs of Exp · Accounting/Finance · IT/Software Development · Engineering - Telecom/Technology · Odoo Development · Odoo · Python · Mobile Development · REST · Software · Information Technology (IT),https://wuzzuf.net/jobs/p/gtzccnebehjg-odoo-developer---full-time-aldabboos-group-cairo-egypt,Not Available
Artificial Intelligence Intern,HNDL Fleet Management -,"Alexandria, Egypt ",InternshipHybridStudent · IT/Software Development · Engineering - Telecom/Technology · AI · Artificial Intelligence · Communication · Computer Science · Computer Vision · Information Technology (IT) · Machine Learning · NLP,https://wuzzuf.net/internship/ycguw4pphcwt-artificial-intelligence-intern-hndl-fleet-management-alexandria-egypt,Not Available
Web Development Intern,HNDL Fleet Management -,"Alexandria, Egypt ",InternshipHybridStudent · IT/Software Development · Engineering - Telecom/Technology · HTML · CSS · JavaScript · Web Development · Machine Learning · Computer Vision · NLP · AI,https://wuzzuf.net/internship/tw3pwvdjvd93-web-development-intern-hndl-fleet-management-alexandria-egypt,Not Available
Odoo Development Internship Program,Global Brands -,"New Cairo, Cairo, Egypt ",InternshipHybridEntry Level · IT/Software Development · Computer Science · Information Technology (IT) · Odoo Development · Programming · Python · Odoo · Development,https://wuzzuf.net/internship/DTYsi9jgUCXt-Odoo-Development-Internship-Program-Global-Brands-Cairo-Egypt,Not Available
Power BI Data Analyst,Zeina Group -,"Sheikh Zayed, Giza, Egypt ",Full TimeOn-siteExperienced · 2+ Yrs of Exp · IT/Software Development · Analyst/Research · Engineering - Telecom/Technology · Analysis · Azure · BI · DAX · Microsoft Power BI · Power BI · Python,https://wuzzuf.net/jobs/p/1WhRT9rSVulx-Power-BI-Data-Analyst-Zeina-Group-Giza-Egypt,Not Available
Data Science Instructor,EpsilonAI -,"Nasr City, Cairo, Egypt ",Full TimePart TimeFreelance / ProjectHybridEntry Level · 1+ Yrs of Exp · IT/Software Development · Engineering - Telecom/Technology · Training/Instructor · Data Science · Computer Science · Computer Engineering · Python · Machine Learning · Deep Learning · Artificial Intelligence (AI),https://wuzzuf.net/jobs/p/qNmqSuZxLUyZ-Data-Science-Instructor-EpsilonAI-Cairo-Egypt,Not Available
Data Analyst,EZeats  -,"Heliopolis, Cairo, Egypt ",Full TimeHybridExperienced · 2 - 5 Yrs of Exp · IT/Software Development · Analyst/Research · Power BI · Python · SQL · Database SQL Server · Data Analysis · Analyst · analytical · BI,https://wuzzuf.net/jobs/p/qq9KpANKVvYG-Data-Analyst-EZeats-Cairo-Egypt,Not Available
Senior Devops Developer,Algoriza -,"Giza, Egypt ",Full TimeRemoteExperienced · 3 - 5 Yrs of Exp · Business Development · IT/Software Development · Engineering - Telecom/Technology · AWS · Azure · CI/CD · Computer Science · DevOps · Docker · Engineering,https://wuzzuf.net/jobs/p/HQbpA5Tze3VC-Senior-Devops-Developer-Algoriza-Giza-Egypt,Not Available
Aruba Implementation Engineer,Confidential -,"Cairo, Egypt ",Full TimeOn-siteExperienced · 8+ Yrs of Exp · IT/Software Development · Engineering - Telecom/Technology · Cisco · Juniper · Fortinet · Python · Ansible · Implementation · Computer Science · Networking,https://wuzzuf.net/jobs/p/q3yPT5c5dfSh-Aruba-Implementation-Engineer-Cairo-Egypt,Not Available
Senior Data Engineer,Erada -,"Maadi, Cairo, Egypt ",Full TimeOn-siteExperienced · 4 - 6 Yrs of Exp · IT/Software Development · Engineering - Telecom/Technology · Engineering - Mechanical/Electrical · Engineering · Computer Science · NoSQL · Python · Java · Programming · Software Development,https://wuzzuf.net/jobs/p/hZSom9fVxXVe-Senior-Data-Engineer-Erada-Cairo-Egypt,Not Available
Senior Devops Engineer,Seoudi Supermarket -,"Sheikh Zayed, Giza, Egypt ",Full TimeHybridExperienced · 5 - 7 Yrs of Exp · IT/Software Development · Engineering - Telecom/Technology · Azure · Computer Science · Design · Docker · Engineering · Information Technology (IT) · Linux · Git,https://wuzzuf.net/jobs/p/l8tDZd9yVfEg-Senior-Devops-Engineer-Seoudi-Supermarket-Giza-Egypt,Not Available
Power BI & Data Engineer,Mojaa -,"New Cairo, Cairo, Egypt ",Full TimeOn-siteExperienced · 5 - 15 Yrs of Exp · IT/Software Development · Power BI · Data Warehouse · Data Modeling · Azure · Clickhouse · SQL · Python · analytical · BI,https://wuzzuf.net/jobs/p/ffjtbmow1rcd-power-bi-data-engineer-mojaa-cairo-egypt,Not Available
System Administrator,Confidential -,"khanka, Qalubia, Egypt ",Full TimeOn-siteExperienced · 4 - 10 Yrs of Exp · males_only · IT/Software Development · Engineering - Telecom/Technology · Computer Science · Information Technology (IT) · System Administration · Security · networks · LAN · MCSA · MCSE,https://wuzzuf.net/jobs/p/U1QL2geFhsn9-System-Administrator-Qalubia-Egypt,Not Available
Research Engineer,Enoshsciense Research Center -,"New Cairo, Cairo, Egypt ",InternshipHybridEntry Level · IT/Software Development · Engineering - Mechanical/Electrical · Engineering · Data Analysis · Research · Computer Engineering · Communication skills · Machine Learning · Communication · Market Research,https://wuzzuf.net/internship/9yrmzgljvx6w-research-engineer-enoshsciense-research-center-cairo-egypt,Not Available
Odoo Developer,Creative Motion -,"Maadi, Cairo, Egypt ",Full TimeOn-siteExperienced · 2 - 5 Yrs of Exp · IT/Software Development · Engineering - Telecom/Technology · CSS · Odoo Development · Information Technology (IT) · Computer Science · Python · Communication skills · Development · Engineering,https://wuzzuf.net/jobs/p/rsdBaZNq7noX-Odoo-Developer-Creative-Motion-Cairo-Egypt,Not Available
Senior Odoo Developer,Tawaref -,"New Cairo, Cairo, Egypt ",Full TimeRemoteExperienced · 4 - 6 Yrs of Exp · IT/Software Development · Engineering - Telecom/Technology · Computer Science · developer · Information Technology (IT) · Odoo · Odoo Developer · Python · Software Development · JavaScript,https://wuzzuf.net/jobs/p/9hElFucZDaXK-Senior-Odoo-Developer-Tawaref-Cairo-Egypt,Not Available
Senior GIS Developer,Syad Tech -,"Cairo, Egypt ",Full TimeRemoteExperienced · 5 - 10 Yrs of Exp · IT/Software Development · HTML5 · .Net · CSS3 · JavaScript · Python · ASP.Net · GIS · Esri,https://wuzzuf.net/jobs/p/o5D0HEob5xnA-Senior-GIS-Developer-Syad-Tech-Cairo-Egypt,Not Available
AI Agent Developer,Confidential -,"Heliopolis, Cairo, Egypt ",Full TimeHybridExperienced · 1 - 3 Yrs of Exp · IT/Software Development · Engineering - Other · npl · AI · Python · Keras · PyTorch · Machine Learning · Artificial Intelligence (AI) · AI Agent,https://wuzzuf.net/jobs/p/TQgoUs39mfEx-AI-Agent-Developer-Cairo-Egypt,Not Available
Odoo Developer,Cartona  -,"Dokki, Giza, Egypt ",Full TimeRemoteExperienced · 3 - 5 Yrs of Exp · Engineering - Telecom/Technology · Odoo · JavaScript · Accounting · Odoo Development · Python · CSS · HTML · XML,https://wuzzuf.net/jobs/p/21JKYSNNEIir-Odoo-Developer-Cartona-Giza-Egypt,Not Available
Artificial Intelligence Engineer (NLP),DIRAC SYSTEMS -,"Heliopolis, Cairo, Egypt ",InternshipOn-siteEntry Level · IT/Software Development · Java · AI · Python · Machine Learning · Computer Science · Engineering · English · Programming · Software,https://wuzzuf.net/internship/z3Gza8M97sRJ-Artificial-Intelligence-Engineer-NLP-DIRAC-SYSTEMS-Cairo-Egypt,Not Available
Senior Software Developer,Gila Electric -,"Cairo, Egypt ",Full TimeOn-siteExperienced · 4 - 6 Yrs of Exp · Business Development · IT/Software Development · Design · Software Development · Engineering · Agile · Computer Science · Git · Information Technology (IT) · Python,https://wuzzuf.net/jobs/p/GDUrs6Kf5RMl-Senior-Software-Developer-Gila-Electric-Cairo-Egypt,Not Available
Tech Lead Data Engineering,HYVE Technology Consulting  -,"Nasr City, Cairo, Egypt ",Full TimeHybridManager · 6 - 11 Yrs of Exp · IT/Software Development · Computer Engineering · Data · Data Analysis · ETL · Hadoop · Python · Relational Databases · SQL · IBM DataStage,https://wuzzuf.net/jobs/p/nHeVsI4SX3Hp-Tech-Lead-Data-Engineering-HYVE-Technology-Consulting-Cairo-Egypt,Not Available
Data Scientist,HYVE Technology Consulting  -,"Cairo, Egypt ",Full TimeOn-siteExperienced · 2 - 5 Yrs of Exp · IT/Software Development · Computer Science · Data · Data Science · data scientist · Engineering · Hadoop · Information Technology (IT) · Java · Python,https://wuzzuf.net/jobs/p/9cSyIMzlasgg-Data-Scientist-HYVE-Technology-Consulting-Cairo-Egypt,Not Available
Data Engineer,HYVE Technology Consulting  -,"Cairo, Egypt ",Full TimeOn-siteExperienced · 2 - 5 Yrs of Exp · IT/Software Development · Engineering - Telecom/Technology · Computer Engineering · Computer Science · Data Mining · Data · Database · Engineering · Ibm · Information Technology (IT),https://wuzzuf.net/jobs/p/bBVD1SDdlEN8-Data-Engineer-HYVE-Technology-Consulting-Cairo-Egypt,Not Available
AI Engineer,Pure Group  -,"Cairo, Egypt ",Full TimeOn-siteManager · 5 - 7 Yrs of Exp · Engineering - Telecom/Technology · AI · LMS · FFT · Python · Engineering · Frameworks · PyTorch · TensorFlow · NLP,https://wuzzuf.net/jobs/p/LKZi0G12dQkT-AI-Engineer-Pure-Group-Cairo-Egypt,Not Available
Odoo Developer,DARKNESSIA -,"6th of October, Giza, Egypt ",Full TimePart TimeFreelance / ProjectRemoteExperienced · 2 - 5 Yrs of Exp · Installation/Maintenance/Repair · IT/Software Development · Engineering - Telecom/Technology · Computer Science · Development · Odoo · Programming · Python · Information Technology (IT) · Odoo Development,https://wuzzuf.net/jobs/p/S6LkPHzHlPs2-Odoo-Developer-DARKNESSIA-Giza-Egypt,Not Available
Senior Manager - Data Analytics,Alshaya -,"Nasr City, Cairo, Egypt ",Full TimeOn-siteManager · 7 - 10 Yrs of Exp · Analyst/Research · Sales/Retail · Data Analytics · CRM · Quantitative Research · Commercial Analysis · Performance Measurement · Loyalty Programme · Performance Analytics · Loyalty Programme Analytics,https://wuzzuf.net/jobs/p/1o9FGlZoipS7-Senior-Manager---Data-Analytics-Alshaya-Cairo-Egypt,Not Available
Odoo Developer,Alfa Software -,"Hurghada, Red Sea, Egypt ",Full TimeOn-siteExperienced · 5 - 9 Yrs of Exp · Business Development · Odoo · Python · Odoo Development · Odoo ERP · Computer Science · Information Technology (IT),https://wuzzuf.net/jobs/p/RzE3gx5UU5ZR-Odoo-Developer-Alfa-Software-Red-Sea-Egypt,Not Available
"System Software Engineer - Python interpreter, tooling, and ecosystem",Canonical -,"Makkah, Saudi Arabia ",Full TimeEntry Level · Installation/Maintenance/Repair · IT/Software Development · Engineering - Telecom/Technology · Information Technology (IT) · Computer Science · Software Engineering · Software Development · Engineering · Computer Engineering · Software,https://wuzzuf.net/jobs/p/g/u0y3qiqhiewg-system-software-engineer---python-interpreter-tooling-and-ecosystem-canonical-makkah-saudi-arabia,Not Available
Odoo Developer,Kandil Industries -,"Nasr City, Cairo, Egypt ",Full TimeOn-siteExperienced · 2 - 6 Yrs of Exp · Installation/Maintenance/Repair · IT/Software Development · Engineering - Telecom/Technology · Odoo · Information Technology (IT) · Computer Science · Python,https://wuzzuf.net/jobs/p/YkyH7kvT41xM-Odoo-Developer-Kandil-Industries-Cairo-Egypt,Not Available
Odoo Sales Account Manager,softprimes -,"Nasr City, Cairo, Egypt ",Full TimeHybridEntry Level · 1 - 5 Yrs of Exp · IT/Software Development · Sales/Retail · Odoo · python · B2B Sales · B2B · Business Development · Negotiation · Sales Target · CRM,https://wuzzuf.net/jobs/p/TxMUVhDhPVZu-Odoo-Sales-Account-Manager-softprimes-Cairo-Egypt,Not Available
Data Analysis Manager,WUZZUF -,"Maadi, Cairo, Egypt ",Full TimeHybridManager · 7 - 15 Yrs of Exp · IT/Software Development · Analyst/Research · Engineering - Telecom/Technology · Analysis · business · Computer Engineering · Computer Science · Data Analysis · Engineering · Microsoft Excel,https://wuzzuf.net/jobs/p/Sa7NwmU90d5d-Data-Analysis-Manager-WUZZUF-Cairo-Egypt,Not Available
Senior Software Engineer,Code SA Ltd -,"Cambridge, United Kingdom ",Full TimeRemoteExperienced · 3 - 5 Yrs of Exp · IT/Software Development · Python · APIs · Docker · React.js · Flask · FastAPI · Django · Software Development,https://wuzzuf.net/jobs/p/NAJiISu5fQvB-Senior-Software-Engineer-Code-SA-Ltd-Cambridge-United-Kingdom,Not Available
Senior Devops Engineer,Algoriza -,"Giza, Egypt ",Full TimeRemoteExperienced · 5 - 7 Yrs of Exp · IT/Software Development · Engineering - Telecom/Technology · Azure · AWS · Cloud · Computer Science · DevOps · Docker · Engineering · Information Technology (IT),https://wuzzuf.net/jobs/p/07vWd7p88iEI-Senior-Devops-Engineer-Algoriza-Giza-Egypt,Not Available
Senior Full Stack Engineer,Smicolon GmbH -,"Munich, Germany ",Full TimeRemoteExperienced · 3+ Yrs of Exp · Creative/Design/Art · IT/Software Development · Engineering - Telecom/Technology · Full Stack · Git · Computer Science · APIs · Information Technology (IT) · Java · JavaScript,https://wuzzuf.net/jobs/p/zFFJkX2grUgW-Senior-Full-Stack-Engineer-Smicolon-GmbH-Munich-Germany,Not Available
Financial Analyst,Confidential -,"Cairo, Egypt ",Full TimeOn-siteExperienced · 3 - 7 Yrs of Exp · males_only · Accounting/Finance · Banking · Analyst/Research · Accounting · Commerce · Analyst · Analysis · Finance · Financial Analysis · Planning,https://wuzzuf.net/jobs/p/mSCM8Sfor8Lf-Financial-Analyst-Cairo-Egypt,Not Available
Engineer-,أكاديمية ابداع للتدريب والاستشارات (Ibdaa Academy) -,"Fleming, Alexandria, Egypt ",Full TimePart TimeOn-siteEntry Level · 0 - 3 Yrs of Exp · Engineering - Mechanical/Electrical · Computer Science · Engineering · Information Technology (IT) · Arduino · Python · Teaching · Development · Software Development,https://wuzzuf.net/jobs/p/TUbDBSUy0C7A-Engineer--أكاديمية-ابداع-للتدريب-والاستشارات-Ibdaa-Academy-Alexandria-Egypt,Not Available
Software Engineer - Python and K8s,Canonical -,"Riyadh, Saudi Arabia ",Full TimeEntry Level · IT/Software Development · Quality · Engineering - Telecom/Technology · Information Technology (IT) · Computer Science · Software Development · Software Engineering · Engineering · Computer Engineering · Software,https://wuzzuf.net/jobs/p/g/Udm7aAwEOzLb-Software-Engineer---Python-and-K8s-Canonical-Riyadh-Saudi-Arabia,Not Available
AI Engineer,Quantanite -,"Maadi, Cairo, Egypt ",Full TimeOn-siteExperienced · 5+ Yrs of Exp · IT/Software Development · Analyst/Research · Engineering - Telecom/Technology · AI · Algorithms · Computer Science · Information Technology (IT) · Engineering · Python · Software,https://wuzzuf.net/jobs/p/iEshzfRXs8Sv-AI-Engineer-Quantanite-Cairo-Egypt,Not Available
Assembly Process Engineer,Groupe- Atlantic -,"10th of Ramadan City, Cairo, Egypt ",Full TimeOn-siteExperienced · 1 - 2 Yrs of Exp · Manufacturing/Production · Engineering - Mechanical/Electrical · Engineering · Mechanical Engineering · Production · Process · Manufacturing · Process Improvement · Python · Six Sigma,https://wuzzuf.net/jobs/p/lsHCuvkA7kNl-Assembly-Process-Engineer-Groupe--Atlantic-Cairo-Egypt,Not Available
Renewable Energy Engineer,Storlytics  -,"Cairo, Egypt ",Full TimeOn-siteEntry Level · 0 - 10 Yrs of Exp · Engineering - Telecom/Technology · Engineering - Mechanical/Electrical · Engineering - Other · English · AutoCAD · Electrical Engineering · Renewable Energy · Power · PVsyst · Python,https://wuzzuf.net/jobs/p/4YaAOLdnDBef-Renewable-Energy-Engineer-Storlytics-Cairo-Egypt,Not Available
AI Solutions Architect,Get AI Driven -,"Cairo, Egypt ",Full TimeRemoteExperienced · 5 - 15 Yrs of Exp · IT/Software Development · AI · Architecture · Computer Engineering · APIs · Computer Science · DevOps · Engineering · English · JavaScript,https://wuzzuf.net/jobs/p/NvNlX163ebd3-AI-Solutions-Architect-Get-AI-Driven-Cairo-Egypt,Not Available
Senior Linux System Administrator,TopLine  -,"Cairo, Egypt ",Full TimeRemoteExperienced · 4+ Yrs of Exp · Installation/Maintenance/Repair · IT/Software Development · Engineering - Telecom/Technology · AWS · Computer Science · Information Technology (IT) · Linux · Maintenance · SQL · System Administration,https://wuzzuf.net/jobs/p/zRc6c8RWsqyW-Senior-Linux-System-Administrator-TopLine-Cairo-Egypt,Not Available
Odoo Developer,Jessour Misr -,"Abu Rawash, Giza, Egypt ",Full TimeOn-siteExperienced · 1 - 2 Yrs of Exp · IT/Software Development · Engineering - Telecom/Technology · ERP · Computer Science · Information Technology (IT) · Python · Odoo · Development,https://wuzzuf.net/jobs/p/aRCztVmcIIRM-Odoo-Developer-Jessour-Misr-Giza-Egypt,Not Available
Senior Developer/Manager (Full-Stack + ML Ops),My Business Care Team -,"Cairo, Egypt ",Full TimeRemoteManager · 5 - 15 Yrs of Exp · IT/Software Development · AWS · Information Technology (IT) · Software · Software Development · DevOps · Cloud · Lambda · EC2 · DynamoDB,https://wuzzuf.net/jobs/p/SY4v8o8V7qxZ-Senior-DeveloperManager-Full-Stack-ML-Ops-My-Business-Care-Team-Cairo-Egypt,Not Available
AWS / Amazon Connect Specialist,My Business Care Team -,"Cairo, Egypt ",Full TimeRemoteExperienced · 3 - 10 Yrs of Exp · IT/Software Development · AWS · Information Technology (IT) · Python · Node.js · PHP · RESTful APIs · PostgreSQL · Amazon Web Services,https://wuzzuf.net/jobs/p/u1UoQ5HKkmBV-AWS-Amazon-Connect-Specialist-My-Business-Care-Team-Cairo-Egypt,Not Available
Technical Team Lead,ECC Group -,"Nasr City, Cairo, Egypt ",Full TimeOn-siteExperienced · 5 - 7 Yrs of Exp · Business Development · IT/Software Development · Computer Science · Development · Engineering · Information Technology (IT) · Java · JavaScript · Management · Programming,https://wuzzuf.net/jobs/p/MfKxNDuXRDnj-Technical-Team-Lead-ECC-Group-Cairo-Egypt,Not Available
Frappe & ERPNext Developer,Confidential -,"Riyadh, Saudi Arabia ",Full TimeRemoteExperienced · 3 - 5 Yrs of Exp · IT/Software Development · Engineering - Telecom/Technology · Python · jQuery · JavaScript · HTML · erpnext · CSS · Computer Science,https://wuzzuf.net/jobs/p/sW0qJDzw2Zyb-Frappe-ERPNext-Developer-Riyadh-Saudi-Arabia,Not Available
Senior AI Developer,Global Brands -,"New Cairo, Cairo, Egypt ",Full TimeHybridExperienced · 2+ Yrs of Exp · IT/Software Development · Engineering - Telecom/Technology · AWS · APIs · Information Technology (IT) · Python · Java · Software Development · Software · Computer Science,https://wuzzuf.net/jobs/p/RJDgdLwlGYTJ-Senior-AI-Developer-Global-Brands-Cairo-Egypt,Not Available
Full stack developer [PHP - Laravel],Confidential -,"New Cairo, Cairo, Egypt ",Full TimeOn-siteExperienced · 5+ Yrs of Exp · IT/Software Development · Engineering - Telecom/Technology · Computer Science · Software Development · Information Technology (IT) · Software Engineering · PHP · Python · Software,https://wuzzuf.net/jobs/p/SjAd33NLbvmB-Full-stack-developer-PHP---Laravel-Cairo-Egypt,Not Available
Manager Data Engineering,SANTECHTURE  -,"Sheraton, Cairo, Egypt ",Full TimeHybridManager · 5 - 8 Yrs of Exp · IT/Software Development · Information Technology (IT) · Design · Computer Science · Engineering · Software · Database SQL Server,https://wuzzuf.net/jobs/p/xlmxpqiv28aw-manager-data-engineering-santechture-cairo-egypt,Not Available
Go (Golang) Software Engineer for Identity Management,Canonical -,"Riyadh, Saudi Arabia ",Full TimeEntry Level · Business Development · IT/Software Development · Engineering - Telecom/Technology · Information Technology (IT) · Computer Science · Docker · Engineering · Software Development · MongoDB · Software Engineering,https://wuzzuf.net/jobs/p/g/qpk4ei1borop-go-golang-software-engineer-for-identity-management-canonical-riyadh-saudi-arabia,Not Available
"Senior Data Scientist - QuantumBlack, AI by McKinsey","QuantumBlack, AI by McKinsey -","Riyadh, Saudi Arabia ",Full TimeExperienced · IT/Software Development · Analyst/Research · Engineering - Telecom/Technology · Computer Science · Information Technology (IT) · SQL · Python · Engineering · Data Analysis · Software Development,https://wuzzuf.net/jobs/p/g/2xw0y7nwumg0-senior-data-scientist---quantumblack-ai-by-mckinsey-quantumblack-ai-by-mckinsey-riyadh-saudi-arabia,Not Available
Data Engineer,Zomec -,"Riyadh, Saudi Arabia ",Full TimeEntry Level · IT/Software Development · Analyst/Research · Engineering - Telecom/Technology · Information Technology (IT) · Computer Science · Computer Engineering · Engineering · Software Engineering · Software Development · SQL,https://wuzzuf.net/jobs/p/g/7lqsp5lltj75-data-engineer-zomec-riyadh-saudi-arabia,Not Available
Research Scientist (AI) - Interactome,GenBio AI -,"Dubai, United Arab Emirates ",Full TimeNot specified · IT/Software Development · Analyst/Research · Engineering - Telecom/Technology · computer science · information technology (it) · engineering · python · research · software engineering · machine learning,https://wuzzuf.net/jobs/p/g/erptsjic5i49-research-scientist-ai---interactome-genbio-ai-dubai-united-arab-emirates,Not Available
Backend Engineer (Laravel),Raad Alfaris Information Technology Co -,"Cairo, Egypt ",Full TimeRemoteExperienced · 4+ Yrs of Exp · IT/Software Development · Laravel · backend · API,https://wuzzuf.net/jobs/p/7xtqpznoakvr-backend-engineer-laravel-raad-alfaris-information-technology-co-cairo-egypt,Not Available
Sr Data Engineer,SANTECHTURE  -,"Sheraton, Cairo, Egypt ",Full TimeHybridExperienced · 4 - 6 Yrs of Exp · IT/Software Development · Medical/Healthcare · Analyst/Research · Big Data · Engineering · Information Technology (IT) · Software Engineering · Troubleshooting · SQL,https://wuzzuf.net/jobs/p/ftd0zh3jscqe-sr-data-engineer-santechture-cairo-egypt,Not Available
"Data Scientist II - Analysis, Lifecycle",talabat -,"Dubai, United Arab Emirates ",Full TimeEntry Level · IT/Software Development · Analyst/Research · Engineering - Telecom/Technology · Python · Computer Science · Information Technology (IT) · SQL · Data Science · Machine Learning · Data Scientist,https://wuzzuf.net/jobs/p/g/k7xA6fsKSk11-Data-Scientist-II---Analysis-Lifecycle-talabat-Dubai-United-Arab-Emirates,Not Available
SCIENTIFIC OFFICER (SPECIALIZATION IN WATER TREATMENT ),DIAMOND ALLIANCE SERVICES -,"Kano, Nigeria ",Full TimeOn-siteExperienced · 5+ Yrs of Exp · Other · Scientific Research · Research Analysis,https://wuzzuf.net/jobs/p/yc9ztolpgrgr-scientific-officer-specialization-in-water-treatment-diamond-alliance-services-kano-nigeria,Not Available
Delivery System Operation Manager,Aldabboos Group     -,"Sheraton, Cairo, Egypt ",Full TimeOn-siteExperienced · 2 - 3 Yrs of Exp · Accounting/Finance · Installation/Maintenance/Repair · IT/Software Development · Communication · Information Technology (IT) · System Administration · System administrator · Accounting · Financial Accounting · ERP System,https://wuzzuf.net/jobs/p/4jwfMCqIXEQP-Delivery-System-Operation-Manager-Aldabboos-Group-Cairo-Egypt,Not Available
Software Engineering Internship,Koinz -,"Maadi, Cairo, Egypt ",InternshipHybridEntry Level · IT/Software Development · Computer Science · Algorithms · Information Technology (IT) · Programming · Software Development · Software Engineering,https://wuzzuf.net/internship/glgk8kptubyz-software-engineering-internship-koinz-cairo-egypt,Not Available
Junior Full-Stack Developer (React.js + PHP) - Alexandria,scandiweb -,"Alexandria, Egypt ",Full TimeRemoteEntry Level · 0 - 3 Yrs of Exp · IT/Software Development · Engineering - Telecom/Technology · PHP · React.js · Vue.js · Magento · CSS · MySQL · GraphQL · JS,https://wuzzuf.net/jobs/p/1b11dzbee9pg-junior-full-stack-developer-reactjs-php---alexandria-scandiweb-alexandria-egypt,Not Available
Software Engineer II -Backend,talabat -,"Dubai, United Arab Emirates ",Full TimeEntry Level · IT/Software Development · Engineering - Telecom/Technology · Information Technology (IT) · Software Engineering · Computer Science · Software Development · Engineering · AWS · Java · SQL,https://wuzzuf.net/jobs/p/g/EsZSFd0Ei06l-Software-Engineer-II--Backend-talabat-Dubai-United-Arab-Emirates,Not Available
Odoo Function Consultant,ABELA -,"Giza, Egypt ",Full TimeOn-siteExperienced · 4 - 6 Yrs of Exp · IT/Software Development · Computer Science · ERP · Information Technology (IT) · Odoo · Consultant,https://wuzzuf.net/jobs/p/ha0hfyr4u2ov-odoo-function-consultant-abela-giza-egypt,Not Available
Senior Devops Engineer,Aliaict -,"Nasr City, Cairo, Egypt ",Full TimeHybridExperienced · 3 - 5 Yrs of Exp · Installation/Maintenance/Repair · IT/Software Development · Engineering - Telecom/Technology · Computer Science · DevOps · Devops Engineer · Information Technology (IT) · Software Development · Cloud · Communication,https://wuzzuf.net/jobs/p/hn98dlev5m2r-senior-devops-engineer-aliaict-cairo-egypt,Not Available
Unity Technical Artist,Confidential -,"Sheikh Zayed, Giza, Egypt ",Full TimeRemoteExperienced · 3+ Yrs of Exp · IT/Software Development · Engineering - Telecom/Technology · Game development · Game engine · mobile games · Unity Developer · Casual Hyper/Hybrid Games · Games · Information Technology (IT) · Computer Science,https://wuzzuf.net/jobs/p/ikqvsq0hrack-unity-technical-artist-giza-egypt,Not Available
"Data Scientist, Business",The Rundown AI -,"Dubai, United Arab Emirates ",Full TimeEntry Level · IT/Software Development · Analyst/Research · Engineering - Telecom/Technology · Computer Science · Information Technology (IT) · Python · SQL · Data Science · Data Analysis · Data Scientist,https://wuzzuf.net/jobs/p/g/6ghDEc184o5h-Data-Scientist-Business-The-Rundown-AI-Dubai-United-Arab-Emirates,Not Available
Devops Engineer,Aloha Dot for software development and financial services -,"Cairo, Egypt ",Full TimeOn-siteExperienced · 3 - 5 Yrs of Exp · IT/Software Development · Engineering - Telecom/Technology · Agile · Trello · CI/CD · Computer Science · DevOps · AWS · Information Technology (IT) · Software Development,https://wuzzuf.net/jobs/p/5ldo2luvh66c-devops-engineer-aloha-dot-for-software-development-and-financial-services-cairo-egypt,Not Available
Embedded and IoT Engineer (Intern),Lotus Power -,"Maadi, Cairo, Egypt ",Part TimeHybridStudent · 1 - 3 Yrs of Exp · R&D/Science · IT/Software Development · Engineering - Telecom/Technology · IOT · Cloud · Computer Science · embedded · Engineering · Hardware · Computer Engineering,https://wuzzuf.net/jobs/p/noofncwnsqmi-embedded-and-iot-engineer-intern-lotus-power-cairo-egypt,Not Available
QA Engineer,IKEN Technology -,"Maadi, Cairo, Egypt ",Full TimeOn-siteExperienced · 2 - 3 Yrs of Exp · IT/Software Development · Quality · Engineering - Telecom/Technology · Agile · Computer Science · QA · QC · quality · Quality Assurance · Quality Control,https://wuzzuf.net/jobs/p/6eqho2o92qyr-qa-engineer-iken-technology-cairo-egypt,Not Available
Network Instructor,MICA -,"Haram, Giza, Egypt ",Full TimeOn-siteEntry Level · IT/Software Development · Education/Teaching · Training/Instructor · Computer Science · Teaching · Information Technology (IT) · Electronics · Engineering · Network · Networking,https://wuzzuf.net/jobs/p/yivboyhwn9i4-network-instructor-mica-giza-egypt,Not Available
Coding Expertise for AI Training,Outlier -,"Riyadh, Saudi Arabia ",Freelance / ProjectEntry Level · IT/Software Development · Engineering - Telecom/Technology · Engineering - Mechanical/Electrical · information technology (it) · computer science · software development · computer engineering · python · java · javascript,https://wuzzuf.net/jobs/p/g/r5mBY2h6LQif-Coding-Expertise-for-AI-Training-Outlier-Riyadh-Saudi-Arabia,Not Available
AI Architect / Developer,TRIMETIS -,"Maadi, Cairo, Egypt ",Full TimeHybridExperienced · 5+ Yrs of Exp · IT/Software Development · Engineering - Telecom/Technology · AI · Computer Science · Information Technology (IT) · Software · Java · PostgreSQL · Engineering · Software Development,https://wuzzuf.net/jobs/p/uezyxborahpd-ai-architect-developer-trimetis-cairo-egypt,Not Available
Learning & Development Manager,Raffles Hotels & Resorts -,"Makkah, Saudi Arabia ",Full TimeExperienced · IT/Software Development · Engineering - Telecom/Technology · Education/Teaching · Education · Learning · Training · Information Technology (IT) · Computer Science · Teaching · E-Learning,https://wuzzuf.net/jobs/p/g/dljYuOxmpfSM-Learning-Development-Manager-Raffles-Hotels-Resorts-Makkah-Saudi-Arabia,Not Available
Coding Expertise for AI Training (Simplified Chinese),Outlier -,"Riyadh, Saudi Arabia ",Freelance / ProjectEntry Level · IT/Software Development · Engineering - Telecom/Technology · Engineering - Mechanical/Electrical · information technology (it) · computer science · software development · computer engineering · python · java · javascript,https://wuzzuf.net/jobs/p/g/p6gfVO86rl0U-Coding-Expertise-for-AI-Training-Simplified-Chinese-Outlier-Riyadh-Saudi-Arabia,Not Available
Full Stack Developer,lo la  -,"Rehab City, Cairo, Egypt ",Full TimeRemoteExperienced · 3 - 6 Yrs of Exp · IT/Software Development · Engineering - Telecom/Technology · APIs · JavaScript · AWS · Computer Science · backend · Node.js · MongoDB · Software Development,https://wuzzuf.net/jobs/p/7zozhz9slpsd-full-stack-developer-lo-la-cairo-egypt,Not Available
Senior System Engineer,Zewail City -,"6th of October, Giza, Egypt ",Full TimeOn-siteExperienced · 3 - 5 Yrs of Exp · IT/Software Development · Engineering - Telecom/Technology · IT · Communication · Computer Science · Software Development · Information Technology (IT),https://wuzzuf.net/jobs/p/eh8Xiowy7lPm-Senior-System-Engineer-Zewail-City-Giza-Egypt,Not Available
Korean AI Training,Outlier -,"Riyadh, Saudi Arabia ",Freelance / ProjectEntry Level · IT/Software Development · Engineering - Telecom/Technology · Training/Instructor · computer science · information technology (it) · engineering · python · ai · technical · artificial intelligence,https://wuzzuf.net/jobs/p/g/p6g32iBrdCNX-Korean-AI-Training-Outlier-Riyadh-Saudi-Arabia,Not Available
Japanese AI Training,Outlier -,"Riyadh, Saudi Arabia ",Freelance / ProjectEntry Level · IT/Software Development · Engineering - Telecom/Technology · Training/Instructor · computer science · information technology (it) · engineering · python · ai · japanese · technical,https://wuzzuf.net/jobs/p/g/RFfFyby9Csya-Japanese-AI-Training-Outlier-Riyadh-Saudi-Arabia,Not Available
BI Analyst,Ounass -,"Dubai, United Arab Emirates ",Full TimeExperienced · IT/Software Development · Analyst/Research · Engineering - Telecom/Technology · Computer Science · Analysis · Information Technology (IT) · Power BI · BI · Business Analysis · SQL,https://wuzzuf.net/jobs/p/g/VnwUK3gmQazR-BI-Analyst-Ounass-Dubai-United-Arab-Emirates,Not Available
Odoo Developer,Afaqy -,"Maadi, Cairo, Egypt ",Full TimeHybridExperienced · 3 - 5 Yrs of Exp · IT/Software Development · Development · Engineering · Odoo Development,https://wuzzuf.net/jobs/p/DS3ZpWlaE4BG-Odoo-Developer-Afaqy-Cairo-Egypt,Not Available
Senior ERP Specialist,G-3A -,"Cairo, Egypt ",Full TimeOn-siteExperienced · 4+ Yrs of Exp · IT/Software Development · ERP · Odoo · Programming · Computer Science · Information Technology (IT) · Communication,https://wuzzuf.net/jobs/p/E8UcRSSOtuHV-Senior-ERP-Specialist-G-3A-Cairo-Egypt,Not Available
Senior Full Stack Developer (.NET Core & Angular),softprograms -,"Nasr City, Cairo, Egypt ",Full TimeHybridExperienced · 3 - 6 Yrs of Exp · IT/Software Development · .Net · CSS3 · Git · HTML5 · Information Technology (IT) · JavaScript · jQuery · Software Development · Web Development,https://wuzzuf.net/jobs/p/R4AkvYSNzr4l-Senior-Full-Stack-Developer-NET-Core-Angular-softprograms-Cairo-Egypt,Not Available
Odoo Implementer,Afaqy -,"Maadi, Cairo, Egypt ",Full TimeHybridExperienced · 3 - 5 Yrs of Exp · IT/Software Development · Communication skills · Implementing · gathering requirements · Business Processes · Odoo,https://wuzzuf.net/jobs/p/flSZgT24aqvx-Odoo-Implementer-Afaqy-Cairo-Egypt,Not Available
Digital Marketing & Web Developer,Genesis A -,"Sheraton, Cairo, Egypt ",Full TimeHybridExperienced · 3 - 5 Yrs of Exp · Creative/Design/Art · Marketing/PR/Advertising · Media/Journalism/Publishing · Design · Digital Marketing · E-Marketing · Google Analytics · SEO · media · Web Development,https://wuzzuf.net/jobs/p/hfa7hf81s2c5-digital-marketing-web-developer-genesis-a-cairo-egypt,Not Available
Senior Odoo Developer,Algoriza -,"6th of October, Giza, Egypt ",Full TimeRemoteExperienced · 3 - 7 Yrs of Exp · IT/Software Development · Odoo Developer · Odoo · Software Development · Computer Science,https://wuzzuf.net/jobs/p/n4xcejxebf27-senior-odoo-developer-algoriza-giza-egypt,Not Available
Open Source Intelligence (OSINT) Team Lead,Confidential -,"Cairo, Egypt ",Full TimeOn-siteExperienced · 10 - 15 Yrs of Exp · IT/Software Development · Social Media · source intelligence · OSINT · Cybersecurity · Information Technology (IT),https://wuzzuf.net/jobs/p/fm2yfkzweuv2-open-source-intelligence-osint-team-lead-cairo-egypt,Not Available
Senior AI Vision Engineer – Computer Vision & Edge Deployment,Skarpt Company  -,"6th of October, Giza, Egypt ",Full TimeOn-siteSenior Management · 3 - 5 Yrs of Exp · IT/Software Development · Engineering - Telecom/Technology · AI · Artificial Neural Network · Artificial Intelligence (AI) · Machine Learning · Computer Vision,https://wuzzuf.net/jobs/p/o7GZBxQzGrAB-Senior-AI-Vision-Engineer-–-Computer-Vision-Edge-Deployment-Skarpt-Company-Giza-Egypt,Not Available
AI Trainer.,Avanguard -,"New Cairo, Cairo, Egypt ",Full TimeOn-siteExperienced · 5 - 10 Yrs of Exp · IT/Software Development · Training/Instructor · AI · Information Technology (IT) · Computer Programs · Artificial Intelligence (AI) · NLP · Machine · Machine Learning · Training,https://wuzzuf.net/jobs/p/cyKxYLTtPjPa-AI-Trainer-Avanguard-Cairo-Egypt,Not Available
Operations Analyst,Brand Connection -,"New Cairo, Cairo, Egypt ",Full TimeOn-siteEntry Level · 1 - 3 Yrs of Exp · Operations/Management · Analyst/Research · Sales/Retail · Analysis · Analyst · Customer Support · Information Technology (IT) · Operations,https://wuzzuf.net/jobs/p/ERu89R1iVbCa-Operations-Analyst-Brand-Connection-Cairo-Egypt,Not Available
Odoo Technical Lead,Algoriza -,"Giza, Egypt ",Full TimeOn-siteExperienced · 7 - 15 Yrs of Exp · IT/Software Development · Odoo · odoo technical · Lead · Computer Science · Software Development,https://wuzzuf.net/jobs/p/hVZNLj1HImln-Odoo-Technical-Lead-Algoriza-Giza-Egypt,Not Available
AI Engineering Manager,Link Development -,"Cairo, Egypt ",Full TimeHybridEntry Level · 1 - 5 Yrs of Exp · IT/Software Development · Engineering - Telecom/Technology · Computer Science · BI · Software Engineering · SQL · Software Development · Power BI · SSRS · SQL Server,https://wuzzuf.net/jobs/p/HLmOXiA6ce45-AI-Engineering-Manager-Link-Development-Cairo-Egypt,Not Available
Full Stack Developer,classera -,"New Beni Suef, Beni Suef, Egypt ",Full TimeHybridExperienced · 3 - 10 Yrs of Exp · Creative/Design/Art · IT/Software Development · Computer Science · Java · MySQL · React · .Net · Full Stack · Software Development,https://wuzzuf.net/jobs/p/0xBYXMvcqbpS-Full-Stack-Developer-classera-Beni-Suef-Egypt,Not Available
Senior DevOps Engineer,Midocean University -,"Cairo, Egypt ",Full TimeRemoteExperienced · 5 - 10 Yrs of Exp · IT/Software Development · AWS · DevOps · Docker · Kubernetes,https://wuzzuf.net/jobs/p/U4f5irfQe4dd-Senior-DevOps-Engineer-Midocean-University-Cairo-Egypt,Not Available
Senior IT Infrastructure Engineer,Confidential -,"Mokattam, Cairo, Egypt ",Full TimeOn-siteExperienced · 3 - 7 Yrs of Exp · IT/Software Development · Computer Science · Infrastructure · IT · CCNA,https://wuzzuf.net/jobs/p/bndMR4wAU5Tl-Senior-IT-Infrastructure-Engineer-Cairo-Egypt,Not Available
Database Expert ERP,Wadi Group -,"Sheikh Zayed, Giza, Egypt ",Full TimeOn-siteExperienced · 3 - 7 Yrs of Exp · IT/Software Development · Computer Engineering · Computer Science · DBMS · Engineering · Information Technology (IT) · Linux · Oracle · SOA · Software Development,https://wuzzuf.net/jobs/p/63w0ZvCTSOLd-Database-Expert-ERP-Wadi-Group-Giza-Egypt,Not Available
Motion Graphics Designer,Creative Motion -,"Maadi, Cairo, Egypt ",Full TimeOn-siteExperienced · 3 - 5 Yrs of Exp · Creative/Design/Art · Adobe After Effects · Motion Graphics · Motion · VFX · graphics · 2D · 3D · compositing · After Effects,https://wuzzuf.net/jobs/p/2Dy88k7kbYmk-Motion-Graphics-Designer-Creative-Motion-Cairo-Egypt,Not Available
Data Analyst,Confidential -,"Cairo, Egypt ",Full TimeOn-siteExperienced · 2 - 4 Yrs of Exp · IT/Software Development · Analyst/Research · Engineering - Telecom/Technology · Analyzing · Computer Science · Analysis · Data · Data Analysis · Engineering · Information Technology (IT),https://wuzzuf.net/jobs/p/y9nThxS2veUZ-Data-Analyst-Cairo-Egypt,Not Available
Landing Page & SEO Specialist.,Confidential -,"New Capital, Cairo, Egypt ",Full TimeRemoteExperienced · 2 - 3 Yrs of Exp · Creative/Design/Art · Marketing/PR/Advertising · Media/Journalism/Publishing · Marketing · Digital Marketing · Google Analytics · Landing Pages · WordPress · media · JavaScript,https://wuzzuf.net/jobs/p/Lbxw20Pzei4J-Landing-Page-SEO-Specialist-Cairo-Egypt,Not Available
Mobile Application Developer,Dayra Market  -,"Maadi, Cairo, Egypt ",Full TimeHybridExperienced · 2 - 7 Yrs of Exp · IT/Software Development · flutter · Firebase · App Store · Software Engineering · MVC · RESTful · Mobile,https://wuzzuf.net/jobs/p/DIBlbc5O3dDK-Mobile-Application-Developer-Dayra-Market-Cairo-Egypt,Not Available
Senior Full Stack PHP Laravel Developer (Remote - Full Time),HIGHBASE TRADING W.L.L -,"Cairo, Egypt ",Full TimeRemoteExperienced · 5 - 10 Yrs of Exp · IT/Software Development · PHP · HTML5 · CSS3 · Laravel · MySQL · Vue.js · Tailwind · Front-End Development,https://wuzzuf.net/jobs/p/j8EuteiQISiz-Senior-Full-Stack-PHP-Laravel-Developer-Remote---Full-Time-HIGHBASE-TRADING-W-L-L-Cairo-Egypt,Not Available
Backend Developer,Monglish Academy -,"Alexandria, Egypt ",Full TimeOn-siteExperienced · 2 - 5 Yrs of Exp · IT/Software Development · back-end · Computer Science · Information Technology (IT) · Engineering · Software,https://wuzzuf.net/jobs/p/Ocl4a7ca6nEo-Backend-Developer-Monglish-Academy-Alexandria-Egypt,Not Available
Junior Business Analyst,Confidential -,"Giza, Egypt ",Full TimeHybridEntry Level · 0 - 5 Yrs of Exp · IT/Software Development · Agile · Analyst · Data Analysis · Microsoft Excel · Business Analysis · Business Analyst · Business Administration · Information Technology (IT) · Computer Science,https://wuzzuf.net/jobs/p/G93JTMFsHDQh-Junior-Business-Analyst-Giza-Egypt,Not Available
BI DWH Reporting Specialist,Efada Technology -,"6th of October, Giza, Egypt ",Full TimeHybridExperienced · 2 - 6 Yrs of Exp · IT/Software Development · Engineering - Telecom/Technology · business · Power BI · BI · Computer Engineering · Information Technology (IT) · SQL · Oracle Database · Data Warehousing,https://wuzzuf.net/jobs/p/iUDrcG14sXWT-BI-DWH-Reporting-Specialist-Efada-Technology-Giza-Egypt,Not Available
Senior Linux Engineer,Confidential -,"Smouha, Alexandria, Egypt ",Full TimeOn-siteExperienced · 3 - 5 Yrs of Exp · Installation/Maintenance/Repair · Engineering - Telecom/Technology · Engineering · Information Technology (IT) · Linux · Ansible · logging proxy · Kubernetes · Software,https://wuzzuf.net/jobs/p/015XH7pHa75A-Senior-Linux-Engineer-Alexandria-Egypt,Not Available
Software Testing Instructor,Amit Learning -,"Maadi, Cairo, Egypt ",Full TimeOn-siteEntry Level · 1 - 4 Yrs of Exp · IT/Software Development · Training/Instructor · Selenium · Automation · Java · Software Testing · Testing · ISTQB · JavaScript · Software Development,https://wuzzuf.net/jobs/p/tyhjGBZjWdLg-Software-Testing-Instructor-Amit-Learning-Cairo-Egypt,Not Available
Production Support,Jobworld -,"Cairo, Egypt ",Full TimeOn-siteExperienced · 12+ Yrs of Exp · Banking · FM Converge · production support · Computer Science · Engineering · Git · IT · Linux · Oracle · Production,https://wuzzuf.net/jobs/p/8xwZq28JG8oI-Production-Support-Jobworld-Cairo-Egypt,Not Available
Applications Support Specialist,FinBi Finance & Banking Consultants International -,"Dokki, Giza, Egypt ",Full TimeOn-siteExperienced · 2 - 5 Yrs of Exp · IT/Software Development · Application Support · Computer Science · Information Technology (IT) · SQL,https://wuzzuf.net/jobs/p/inSJYnYSjd4y-Applications-Support-Specialist-FinBi-Finance-Banking-Consultants-International-Giza-Egypt,Not Available
Senior Systems/Infrastructure Engineer,ITIDA -,"6th of October, Giza, Egypt ",Full TimeHybridExperienced · 5 - 7 Yrs of Exp · Installation/Maintenance/Repair · IT/Software Development · Engineering - Telecom/Technology · AWS · Computer Engineering · Computer Science · Engineering · Information Technology (IT) · Infrastructure · Networking,https://wuzzuf.net/jobs/p/lqwo2E3mU8s2-Senior-SystemsInfrastructure-Engineer-ITIDA-Giza-Egypt,Not Available
Program Developer,GB CONSULTING -,"Athens, Greece ",Full TimeRemoteEntry Level · 1 - 20 Yrs of Exp · IT/Software Development · HTML · CSS · PHP · Programming · Software · SQL · Software Development · JavaScript · Java,https://wuzzuf.net/jobs/p/Hwa4dtOuWFQr-Program-Developer-GB-CONSULTING-Athens-Greece,Not Available
Network and IT Administrator Manager,May University in Cairo -,"15th May City, Cairo, Egypt ",Full TimeOn-siteExperienced · 5 - 7 Yrs of Exp · IT/Software Development · Network Administration · Information Technology (IT) · Network Security · System Administration,https://wuzzuf.net/jobs/p/Dl9Xgtoltlf8-Network-and-IT-Administrator-Manager-May-University-in-Cairo-Cairo-Egypt,Not Available
Senior Electrical BIM Technical Office,Samman  Engineering & Consulting -,"Giza, Egypt ",Full TimeOn-siteExperienced · 7 - 10 Yrs of Exp · Engineering - Mechanical/Electrical · AutoCAD · Communication · BIM · Design · Electrical · Electrical Engineering · Engineering · Microsoft Office · MEP,https://wuzzuf.net/jobs/p/FWp5i83zc9p3-Senior-Electrical-BIM-Technical-Office-Samman-Engineering-Consulting-Giza-Egypt,Not Available
Business Analyst,Etqan Consultancy -,"Cairo, Egypt ",Full TimeOn-siteExperienced · 3 - 5 Yrs of Exp · IT/Software Development · Analyst/Research · Analyst · Analysis · Computer Science · Data Analysis · Data Analyst · Information Technology (IT) · SQL · Data,https://wuzzuf.net/jobs/p/hNNS47WR4tvo-Business-Analyst-Etqan-Consultancy-Cairo-Egypt,Not Available
Deputy Chief Investment Officer (CIO),Puffy -,"Dubai, United Arab Emirates ",Full TimeManager · Accounting/Finance · Operations/Management · C-Level Executive/GM/Director · finance · accounting · financial management · financial analysis · management · financial · commerce,https://wuzzuf.net/jobs/p/g/j7vqixj8vwhf-deputy-chief-investment-officer-cio-puffy-dubai-united-arab-emirates,Not Available
Infrastructure Security Engineer - HSM & PKI,"Help AG, an e& enterprise company -","Dubai, United Arab Emirates ",Full TimeNot specified · Installation/Maintenance/Repair · IT/Software Development · Engineering - Telecom/Technology · Information Technology (IT) · Computer Science · Engineering · Security · Computer Engineering · Networking · CCNA,https://wuzzuf.net/jobs/p/g/ky9b9zyl6vgq-infrastructure-security-engineer---hsm-pki-help-ag-an-e-enterprise-company-dubai-united-arab-emirates,Not Available
Production Support Engineer - Investment Banking Domain,Leuwint Technologies -,"Riyadh, Saudi Arabia ",Full TimeEntry Level · IT/Software Development · Manufacturing/Production · Engineering - Telecom/Technology · Engineering · Information Technology (IT) · Computer Science · Production · Technical Support · Mechanical Engineering · Customer Service,https://wuzzuf.net/jobs/p/g/vwvrqvmtpvsy-production-support-engineer---investment-banking-domain-leuwint-technologies-riyadh-saudi-arabia,Not Available
Ubuntu Sales Engineer (Entry-Level),Canonical -,"Makkah, Saudi Arabia ",Full TimeEntry Level · Sales/Retail · Engineering - Mechanical/Electrical · Engineering - Other · Sales · Sales Skills · Engineering · Sales Target · Electrical Engineering · Mechanical Engineering · Customer Service,https://wuzzuf.net/jobs/p/g/4mg5VmXXEwDN-Ubuntu-Sales-Engineer-Entry-Level-Canonical-Makkah-Saudi-Arabia,Not Available
Cisco Network Engineer,Info Resume Edge - GCC -,"Dubai, United Arab Emirates ",Full TimeExperienced · Installation/Maintenance/Repair · IT/Software Development · Engineering - Telecom/Technology · Information Technology (IT) · Computer Science · Engineering · Cisco · Networking · CCNA · Networks,https://wuzzuf.net/jobs/p/g/5J8TpdaEM7sE-Cisco-Network-Engineer-Info-Resume-Edge---GCC-Dubai-United-Arab-Emirates,Not Available
Full Stack Engineer,Open Innovation AI -,"Dubai, United Arab Emirates ",Full TimeExperienced · Creative/Design/Art · IT/Software Development · Engineering - Telecom/Technology · Information Technology (IT) · Computer Science · Software Development · javaScript · Full Stack · CSS · HTML,https://wuzzuf.net/jobs/p/g/lG6DzXP8tpuH-Full-Stack-Engineer-Open-Innovation-AI-Dubai-United-Arab-Emirates,Not Available
Sr. Engineer - ML Platform,talabat -,"Dubai, United Arab Emirates ",Full TimeExperienced · IT/Software Development · Engineering - Telecom/Technology · Engineering - Mechanical/Electrical · Engineering · Information Technology (IT) · Computer Science · Software Development · Software Engineering · SRS · Software,https://wuzzuf.net/jobs/p/g/yvNejhmtDc59-Sr-Engineer---ML-Platform-talabat-Dubai-United-Arab-Emirates,Not Available
Sr. Manager Data Science - Growth,talabat -,"Dubai, United Arab Emirates ",Full TimeExperienced · IT/Software Development · Analyst/Research · Engineering - Telecom/Technology · Information Technology (IT) · Engineering · Computer Science · Project Management · Telecommunication · Data Science · Microsoft Office,https://wuzzuf.net/jobs/p/g/XHyTfEIZLZJ0-Sr-Manager-Data-Science---Growth-talabat-Dubai-United-Arab-Emirates,Not Available
Manager - Retail Media Insights,talabat -,"Dubai, United Arab Emirates ",Full TimeExperienced · Administration · Operations/Management · Sales/Retail · Microsoft Office · Sales · Administration · Management · Sales Skills · Office Management · Customer Service,https://wuzzuf.net/jobs/p/g/XRwIfWpSj9A5-Manager---Retail-Media-Insights-talabat-Dubai-United-Arab-Emirates,Not Available
"Solutions Architect, Startups",The Rundown AI -,"Dubai, United Arab Emirates ",Full TimeExperienced · Customer Service/Support · IT/Software Development · Engineering - Telecom/Technology · Information Technology (IT) · Computer Science · Engineering · Software Engineering · Computer Engineering · Software Development · Solution Architecture,https://wuzzuf.net/jobs/p/g/b6sOJgOfhSNW-Solutions-Architect-Startups-The-Rundown-AI-Dubai-United-Arab-Emirates,Not Available
Business Research Analyst,Burjline Builders -,"Dubai, United Arab Emirates ",Full TimeExperienced · IT/Software Development · Analyst/Research · Engineering - Telecom/Technology · Business Analysis · Information Technology (IT) · Computer Science · Analysis · Software Development · Research · Software,https://wuzzuf.net/jobs/p/g/XVHKB7gAulD3-Business-Research-Analyst-Burjline-Builders-Dubai-United-Arab-Emirates,Not Available
Payment Gateway Developer,Burjline Builders -,"Dubai, United Arab Emirates ",Full TimeEntry Level · IT/Software Development · Quality · Engineering - Telecom/Technology · Software Development · Computer Science · Information Technology (IT) · Computer Engineering · JSON · PHP · Angular,https://wuzzuf.net/jobs/p/g/sB1j97WlUSDG-Payment-Gateway-Developer-Burjline-Builders-Dubai-United-Arab-Emirates,Not Available
Software Engineer - L3 Support,Canonical -,"Riyadh, Saudi Arabia ",Full TimeEntry Level · IT/Software Development · Quality · Engineering - Telecom/Technology · Information Technology (IT) · Computer Science · Software Development · Software Engineering · Engineering · Computer Engineering · Software,https://wuzzuf.net/jobs/p/g/2Ts6ed55tHyG-Software-Engineer---L3-Support-Canonical-Riyadh-Saudi-Arabia,Not Available
Software Support Engineer,Canonical -,"Makkah, Saudi Arabia ",Full TimeEntry Level · Installation/Maintenance/Repair · IT/Software Development · Engineering - Telecom/Technology · Information Technology (IT) · Computer Science · Software Engineering · Engineering · Software Development · Technical Support · Software,https://wuzzuf.net/jobs/p/g/OhRqB3lMOU5G-Software-Support-Engineer-Canonical-Makkah-Saudi-Arabia,Not Available
Software Maintenance Engineer,Canonical -,"Riyadh, Saudi Arabia ",Full TimeEntry Level · Installation/Maintenance/Repair · IT/Software Development · Engineering - Telecom/Technology · Information Technology (IT) · Computer Science · Engineering · Maintenance · Software Engineering · Software Development · Software,https://wuzzuf.net/jobs/p/g/ETXqDn0GiaAQ-Software-Maintenance-Engineer-Canonical-Riyadh-Saudi-Arabia,Not Available
Software Engineering Manager - Sustaining Engineering,Canonical -,"Riyadh, Saudi Arabia ",Full TimeExperienced · IT/Software Development · Quality · Engineering - Telecom/Technology · Information Technology (IT) · Computer Science · Software Engineering · Software Development · Engineering · Software · Computer Engineering,https://wuzzuf.net/jobs/p/g/8UGemkjAxNjN-Software-Engineering-Manager---Sustaining-Engineering-Canonical-Riyadh-Saudi-Arabia,Not Available
Technical Lead,Royal Class -,"Dubai, United Arab Emirates ",Full TimeExperienced · IT/Software Development · Operations/Management · Engineering - Telecom/Technology · Information Technology (IT) · Computer Science · Software Development · Computer Engineering · Engineering · Java · Software Engineering,https://wuzzuf.net/jobs/p/g/uJ8VQGQLyuku-Technical-Lead-Royal-Class-Dubai-United-Arab-Emirates,Not Available
